{"m": 12704.012513394975, "b": 3863.985408416148}